rsid	gene	group	output_type	gene_name	track_name	ontology_curie	raw_score	quantile_score
rs1800255	COL3A1	connective	CAGE		hCAGE UBERON:0000948	UBERON:0000948	158.31964111328125	0.9957006573677063
rs1800255	COL3A1	connective	RNA_SEQ	COL3A1	UBERON:0000948 polyA plus RNA-seq	UBERON:0000948	32.33224105834961	0.9995178580284119
rs1800255	COL3A1	connective	CAGE		hCAGE UBERON:0000948	UBERON:0000948	26.943748474121094	0.9868026971817017
rs1800255	COL3A1	connective	ATAC		UBERON:0001157 ATAC-seq	UBERON:0001157	19.200439453125	0.7473224997520447
rs1800255	COL3A1	connective	RNA_SEQ	COL3A1	UBERON:0001157 gtex Colon_Transverse polyA plus RNA-seq	UBERON:0001157	12.70407485961914	0.991248607635498
rs1801253	ADRB1	cardiac	CAGE		hCAGE UBERON:0000948	UBERON:0000948	212.932861328125	0.9962543845176697
rs1801253	ADRB1	cardiac	CAGE		hCAGE UBERON:0000948	UBERON:0000948	81.67706298828125	0.9942055940628052
rs1801253	ADRB1	cardiac	ATAC		UBERON:0001157 ATAC-seq	UBERON:0001157	64.6033935546875	0.9545878767967224
rs1801253	ADRB1	cardiac	RNA_SEQ	NRAP	UBERON:0000948 polyA plus RNA-seq	UBERON:0000948	16.235036849975586	0.9973472356796265
rs1801253	ADRB1	cardiac	RNA_SEQ	NRAP	UBERON:0006566 gtex Heart_Left_Ventricle polyA plus RNA-seq	UBERON:0006566	11.907413482666016	0.9959869980812073
rs37972	GLCCI1	pulmonary	ATAC		UBERON:0002048 ATAC-seq	UBERON:0002048	35.74317932128906	0.9356165528297424
rs37972	GLCCI1	pulmonary	CAGE		hCAGE UBERON:0002048	UBERON:0002048	0.9799203872680664	0.8140594363212585
rs37972	GLCCI1	pulmonary	RNA_SEQ	RPA3	UBERON:0002048 polyA plus RNA-seq	UBERON:0002048	0.5498083233833313	0.8581019639968872
rs37972	GLCCI1	pulmonary	CAGE		hCAGE UBERON:0002048	UBERON:0002048	0.5324971675872803	0.7559360861778259
rs37972	GLCCI1	pulmonary	RNA_SEQ	ENSG00000283549	UBERON:0002048 total RNA-seq	UBERON:0002048	0.4464205205440521	0.9396623969078064
rs1042714	ADRB2	pulmonary	ATAC		UBERON:0002048 ATAC-seq	UBERON:0002048	224.95846557617188	0.9935016632080078
rs1042714	ADRB2	pulmonary	CAGE		hCAGE UBERON:0002048	UBERON:0002048	123.04901123046875	0.9945909976959229
rs1042714	ADRB2	pulmonary	CAGE		hCAGE UBERON:0002048	UBERON:0002048	12.045639038085938	0.9767439365386963
rs1042714	ADRB2	pulmonary	RNA_SEQ	ABLIM3	UBERON:0002048 polyA plus RNA-seq	UBERON:0002048	0.6267611384391785	0.9094713926315308
rs1042714	ADRB2	pulmonary	RNA_SEQ	FBXO38	UBERON:0002048 total RNA-seq	UBERON:0002048	0.5198974013328552	0.9504151344299316
rs1837253	TSLP	egpa	ATAC		UBERON:0002048 ATAC-seq	UBERON:0002048	21.82549285888672	0.7959622144699097
rs1837253	TSLP	egpa	RNA_SEQ	WDR36	UBERON:0002048 total RNA-seq	UBERON:0002048	0.6374688744544983	0.9644045233726501
rs1837253	TSLP	egpa	RNA_SEQ	SLC25A46	UBERON:0002048 total RNA-seq	UBERON:0002048	0.5397620797157288	0.9535771608352661
rs1837253	TSLP	egpa	RNA_SEQ	SLC25A46	UBERON:0002048 polyA plus RNA-seq	UBERON:0002048	0.4573523998260498	0.8715769052505493
rs1837253	TSLP	egpa	RNA_SEQ	STARD4	UBERON:0002048 total RNA-seq	UBERON:0002048	0.44192326068878174	0.9356165528297424
rs9290877	LPP	egpa	ATAC		UBERON:0002048 ATAC-seq	UBERON:0002048	13.553589820861816	0.46544718742370605
rs9290877	LPP	egpa	CAGE		hCAGE UBERON:0002048	UBERON:0002048	7.1615447998046875	0.961097002029419
rs9290877	LPP	egpa	RNA_SEQ	LPP	UBERON:0002048 total RNA-seq	UBERON:0002048	0.8966253399848938	0.9777693748474121
rs9290877	LPP	egpa	RNA_SEQ	LPP	UBERON:0002048 polyA plus RNA-seq	UBERON:0002048	0.37469881772994995	0.8494633436203003
rs9290877	LPP	egpa	CAGE		hCAGE UBERON:0002048	UBERON:0002048	0.23091959953308105	0.6456268429756165
rs6454802	BACH2	egpa	ATAC		UBERON:0002048 ATAC-seq	UBERON:0002048	26.857135772705078	0.8839453458786011
rs6454802	BACH2	egpa	CAGE		hCAGE UBERON:0002048	UBERON:0002048	4.765636444091797	0.945880651473999
rs6454802	BACH2	egpa	CAGE		hCAGE UBERON:0002048	UBERON:0002048	0.5180180072784424	0.7473224997520447
rs6454802	BACH2	egpa	RNA_SEQ	MAP3K7	UBERON:0002048 total RNA-seq	UBERON:0002048	0.48444387316703796	0.9446873664855957
rs6454802	BACH2	egpa	RNA_SEQ	CASP8AP2	UBERON:0002048 total RNA-seq	UBERON:0002048	0.40065479278564453	0.932780385017395
rs4680	COMT	pain	CAGE		hCAGE UBERON:0002037	UBERON:0002037	22.860780715942383	0.9695515036582947
rs4680	COMT	pain	CAGE		hCAGE UBERON:0002037	UBERON:0002037	8.55609130859375	0.9219183325767517
rs4680	COMT	pain	RNA_SEQ	ENSG00000284874	UBERON:0002037 gtex Brain_Cerebellum polyA plus RNA-seq	UBERON:0002037	7.288106441497803	0.9970238208770752
rs4680	COMT	pain	RNA_SEQ	SEPTIN5	UBERON:0002037 gtex Brain_Cerebellum polyA plus RNA-seq	UBERON:0002037	6.854081153869629	0.9960781931877136
rs4680	COMT	pain	RNA_SEQ	ENSG00000284874	UBERON:0002037 polyA plus RNA-seq	UBERON:0002037	4.586723327636719	0.9897304773330688
rs1801131	MTHFR	methylation	ATAC		UBERON:0002107 ATAC-seq	UBERON:0002107	32.52006530761719	0.8636282682418823
rs1801131	MTHFR	methylation	ATAC		UBERON:0001114 ATAC-seq	UBERON:0001114	29.423866271972656	0.8434670567512512
rs1801131	MTHFR	methylation	CAGE		hCAGE UBERON:0002107	UBERON:0002107	7.855073928833008	0.9745527505874634
rs1801131	MTHFR	methylation	RNA_SEQ	KIAA2013	UBERON:0002107 polyA plus RNA-seq	UBERON:0002107	1.8129247426986694	0.9644045233726501
rs1801131	MTHFR	methylation	RNA_SEQ	KIAA2013	UBERON:0001114 total RNA-seq	UBERON:0001114	1.6189303398132324	0.9792251586914062
rs9923231	VKORC1	pgx	ATAC		EFO:0002824 ATAC-seq	EFO:0002824	115.66596221923828	0.962786078453064
rs9923231	VKORC1	pgx	RNA_SEQ	COX6A2	UBERON:0011907 gtex Muscle_Skeletal polyA plus RNA-seq	UBERON:0011907	91.62464904785156	0.9994589686393738
rs9923231	VKORC1	pgx	ATAC		EFO:0002713 ATAC-seq	EFO:0002713	75.81710815429688	0.9369924664497375
rs9923231	VKORC1	pgx	ATAC		EFO:0001203 ATAC-seq	EFO:0001203	69.73690795898438	0.9446873664855957
rs9923231	VKORC1	pgx	RNA_SEQ	COX6A2	UBERON:0008450 polyA plus RNA-seq	UBERON:0008450	64.34253692626953	0.9987875819206238
