rs794729305	2	179400115	GG
rs794729367	2	179400244	CC
rs2278196	2	179400895	CC
rs55675869	2	179401740	CC
rs55742743	2	179401742	CC
rs727503537	2	179401806	II
rs794727539	2	179402215	GG
rs794729396	2	179403372	DD
rs727504535	2	179403562	II
rs4894028	2	179403750	CC
rs587780495	2	179404186	CC
rs55977045	2	179404197	TT
rs727504550	2	179404264	CC
rs727504679	2	179404658	CC
rs750969198	2	179404872	CC
rs794729395	2	179406277	II
rs727505319	2	179406990	CC
rs794729365	2	179407531	DD
rs781171206	2	179408003	GG
rs794729303	2	179408559	AA
rs794729364	2	179409186	II
rs62621206	2	179410282	AA
rs72648257	2	179411011	TT
rs727503546	2	179411905	II
rs727503547	2	179412173	GG
rs794729302	2	179412191	TT
rs769488730	2	179412246	II
rs11694623	2	179413452	GG
rs794729301	2	179414036	GG
rs747122	2	179414318	CC
rs730880365	2	179414726	DD
rs727504646	2	179415782	AA
rs727505076	2	179415915	CC
rs397517750	2	179416849	DD
rs397517749	2	179417040	II
rs786205538	2	179417404	GG
rs727505224	2	179417788	GG
rs794729385	2	179418452	AA
rs794729362	2	179418463	II
rs397517741	2	179418639	II
rs794727468	2	179418853	II
rs794729300	2	179419237	TT
rs786205639	2	179419461	II
rs794727467	2	179419591	CC
rs727503550	2	179421574	CC
rs9808036	2	179421609	CC
rs148231754	2	179421975	CC
rs794729358	2	179422169	II
rs794729299	2	179422238	GG
rs727503552	2	179422565	II
rs794729357	2	179422662	GG
rs794729356	2	179422726	II
rs12621078	2	179423099	AA
rs397517735	2	179424036	AA
rs727504856	2	179424057	II
rs794729298	2	179424219	GG
rs794729297	2	179424385	AA
rs794729354	2	179424468	II
rs794729353	2	179425240	II
rs794729296	2	179425962	CC
rs794729352	2	179426800	II
rs794729295	2	179427206	CC
rs727505014	2	179427256	II
rs727504782	2	179427452	II
rs371788070	2	179427578	CC
rs727505288	2	179428086	CC
rs794729350	2	179428142	GG
rs794729349	2	179428201	II
rs797044697	2	179428315	DD
rs766840243	2	179428619	GG
rs794729293	2	179428895	TT
rs727503557	2	179428973	II
rs727504660	2	179428980	II
rs56214710	2	179429004	GG
rs397517721	2	179429327	CC
rs794729292	2	179429522	CC
rs557312035	2	179429538	GG
rs794729291	2	179430009	GG
rs3813247	2	179430060	GG
rs727505284	2	179430143	GG
rs794729347	2	179431050	II
rs3731745	2	179431594	AA
rs794729346	2	179432001	II
rs267599036	2	179432162	CC
rs794729289	2	179432681	CC
rs794729288	2	179433095	GG
rs794729345	2	179433197	GG
rs56018860	2	179433221	TT
rs730880343	2	179433438	DD
rs3813246	2	179433580	TT
rs794729344	2	179433682	II
rs794729343	2	179433759	DD
rs3813245	2	179434139	AA
rs794729342	2	179434461	II
rs727504483	2	179434463	II
rs3813243	2	179434516	CC
rs794729341	2	179434701	TT
rs794729382	2	179435531	GG
rs794729286	2	179435609	GG
rs794729340	2	179435718	II
rs744426	2	179436020	GG
rs794729285	2	179436521	GG
rs794729284	2	179437013	GG
rs397517696	2	179437014	II
rs397517695	2	179437032	II
rs794729283	2	179437674	AA
rs794729339	2	179438010	II
rs10164753	2	179438866	CC
rs794729338	2	179438873	CC
rs794729337	2	179439220	II
rs727503565	2	179439225	II
rs397517689	2	179439257	GG
rs794729381	2	179439296	CC
rs727503567	2	179439538	CC
rs786205539	2	179440040	CC
rs727504655	2	179440584	II
rs781540455	2	179440697	GG
rs794729282	2	179441144	CC
rs794729334	2	179441316	DD
rs794729333	2	179441326	II
rs67041405	2	179441386	GG
rs794729281	2	179441812	GG
rs371678190	2	179442793	GG
rs727505352	2	179443562	GG
rs2288570	2	179444289	AA
rs786205540	2	179444390	CC
rs2303838	2	179444939	CC
rs397517664	2	179446377	GG
rs571093313	2	179446813	GG
rs794729331	2	179448378	II
rs13021201	2	179449131	GG
rs794729280	2	179449279	GG
rs794729279	2	179452411	GG
rs794729328	2	179452931	II
rs368452607	2	179453427	GG
rs72646850	2	179453429	GG
rs72646846	2	179454576	GG
rs794729278	2	179454897	GG
rs797044692	2	179455771	DD
rs727504466	2	179456053	II
rs794729277	2	179456425	GG
rs199512049	2	179456541	TT
rs397517643	2	179457641	II
rs72646837	2	179458850	CC
rs397517633	2	179459226	II
rs794729275	2	179460312	GG
rs72646831	2	179462478	GG
rs397517628	2	179462682	II
rs794729327	2	179463480	GG
rs794729392	2	179463584	II
rs397517626	2	179463705	DD
rs397517624	2	179463872	CC
rs727503598	2	179465831	CC
rs754717390	2	179466380	CC
rs794729326	2	179466493	II
rs727503602	2	179468776	CC
rs397517620	2	179468778	AA
rs794729274	2	179468854	CC
rs10497518	2	179469386	AA
rs768431507	2	179469738	GG
rs794729325	2	179469792	II
rs727503607	2	179470369	CC
rs79406677	2	179470837	AA
rs794729324	2	179471936	II
rs794729273	2	179471974	CC
rs794729272	2	179472515	GG
rs794729271	2	179473137	CC
rs727503615	2	179473509	II
rs794729391	2	179474189	II
rs794729270	2	179474216	GG
rs727504799	2	179474410	CC
rs761807131	2	179474816	CC
rs794729269	2	179475729	TT
rs794729268	2	179475996	TT
rs794729267	2	179476135	CC
rs397517601	2	179476338	CC
rs794729266	2	179476406	TT
rs754866489	2	179476842	GG
rs794729265	2	179477082	GG
rs36043230	2	179477267	TT
rs794729264	2	179477585	GG
rs727504851	2	179477886	II
rs794729263	2	179478666	TT
rs727504825	2	179478809	II
rs794729262	2	179479024	GG
rs794729320	2	179479378	II
rs771672410	2	179481212	CC
rs794729319	2	179481600	II
rs397517589	2	179482572	GG
rs794729261	2	179482599	GG
rs397517587	2	179483495	GG
rs397517586	2	179483504	AA
rs397517584	2	179485178	II
rs727504589	2	179485441	CC
rs140795503	2	179485612	CC
rs72677225	2	179486037	CC
rs17354992	2	179486223	CC
rs397517580	2	179486244	GG
rs184078045	2	179486339	AA
rs144668626	2	179486376	CC
rs74580375	2	179486431	AA
rs72677221	2	179486596	GG
rs749705939	2	179487495	CC
rs144848584	2	179489408	CC
rs12614435	2	179489726	AA
rs397517576	2	179494088	II
rs72677215	2	179494798	CC
rs192766485	2	179494968	GG
rs181189778	2	179496931	AA
rs12471771	2	179497018	GG
rs727504499	2	179497021	GG
rs56034831	2	179497133	CC
rs6723526	2	179498042	CT
rs797046064	2	179498737	II
rs2288563	2	179499530	TT
rs189799340	2	179500008	GG
rs397517565	2	179500441	II
rs144963490	2	179500729	CC
rs188301588	2	179501287	CC
rs184713215	2	179501481	TT
rs727504198	2	179501491	CC
rs191699632	2	179502120	CC
rs183950862	2	179511286	TT
rs186404793	2	179515979	GG
rs190461403	2	179516017	TT
rs73038314	2	179517230	CC
rs150223722	2	179517605	GG
rs192528655	2	179517632	GG
rs145670920	2	179532446	AA
rs202132871	2	179533906	CC
rs186992412	2	179534380	AA
rs189966800	2	179535861	TT
rs59887778	2	179536955	CC
rs140640738	2	179539812	TT
rs182428755	2	179540461	GG
i707831	2	179542068	TT
rs72650040	2	179544983	CC
rs36051007	2	179545859	CT
rs193051231	2	179546396	GG
rs115744476	2	179547455	TT
rs181395238	2	179547564	CC
rs73973137	2	179548782	GG
rs72650032	2	179548789	CC
rs116676813	2	179549131	CC
rs72650031	2	179549407	GG
rs150733188	2	179549438	CC
rs786205543	2	179549977	TT
rs146400809	2	179549988	GG
rs759853525	2	179550034	DD
rs72650029	2	179550287	GG
rs72650028	2	179552895	CC
rs727503636	2	179553779	CC
rs2244492	2	179554305	CT
rs139790668	2	179554579	CC
rs147670220	2	179556805	GG
rs2042995	2	179558366	TT
rs73038324	2	179560847	CC
rs182720979	2	179560988	TT
rs727504452	2	179566913	II
rs72650011	2	179567340	GG
rs72953397	2	179568708	GG
rs184153985	2	179568916	TT
rs189286381	2	179569261	CC
rs143477225	2	179571275	CC
rs746721983	2	179571356	GG
rs4893852	2	179571448	AA
rs144025230	2	179572445	CC
rs184923756	2	179574313	GG
rs2742332	2	179574384	CC
rs189431308	2	179574580	CC
rs72648998	2	179575511	CC
rs190600127	2	179575870	GG
rs144930507	2	179575893	GG
rs200655768	2	179575949	GG
rs78643968	2	179576016	AA
rs369108107	2	179576880	CC
rs148355969	2	179576932	TT
rs778859533	2	179577847	DD
rs72648992	2	179578159	AA
rs13398235	2	179578704	GG
rs146057575	2	179578713	TT
rs72648989	2	179578891	TT
rs12693164	2	179579093	TT
rs183499397	2	179579769	CC
rs141856116	2	179579935	CC
rs188234466	2	179579971	TT
rs144587343	2	179579976	CC
rs72648987	2	179579977	GG
rs2562832	2	179581835	CC
rs149855485	2	179581971	CC
rs72648986	2	179582063	AA
rs13390491	2	179582327	CC
rs2627043	2	179582537	GG
rs72648984	2	179582760	TT
rs186598275	2	179582807	GG
rs72648982	2	179582853	TT
rs72648981	2	179582913	CC
rs72648980	2	179583181	TT
rs190192954	2	179583211	CC
rs16866465	2	179583496	TT
rs727504843	2	179583542	CC
rs72648976	2	179583957	TT
rs138076523	2	179584791	CC
rs149523263	2	179584831	GG
rs144032104	2	179584977	CC
rs72648972	2	179585257	GG
rs17452588	2	179585312	GG
rs184123332	2	179585780	TT
rs786205544	2	179586708	TT
rs146608139	2	179586835	TT
rs183482849	2	179587128	AA
rs12693166	2	179587130	CC
rs187925021	2	179587955	GG
rs193060723	2	179588006	GG
rs138853909	2	179588159	CC
rs189951108	2	179588279	CC
rs192344560	2	179588627	TT
rs72648964	2	179588813	CC
rs148072021	2	179588843	CC
rs72648962	2	179588996	CC
rs72648960	2	179589058	GG
rs114626713	2	179589083	TT
rs17355446	2	179589241	GG
rs147210608	2	179589260	CC
rs185833299	2	179590257	CC
rs142794598	2	179590301	AA
rs17355460	2	179590329	CC
rs139549363	2	179590564	CC
rs149470241	2	179590714	TT
rs140143513	2	179591922	CC
rs16866475	2	179592329	GG
rs116572520	2	179592567	GG
rs11888217	2	179593352	CC
rs72648954	2	179593449	TT
rs72648953	2	179593503	GG
rs188878341	2	179593702	CC
rs72648951	2	179593761	TT
rs149131555	2	179594027	CC
rs184412722	2	179594059	TT
rs72648949	2	179594107	GG
rs191692293	2	179594224	CC
rs117551279	2	179594573	CC
rs189127014	2	179594955	GG
rs72648946	2	179595271	CC
rs146983095	2	179595372	TT
rs185962498	2	179595849	CC
rs16866477	2	179596181	GG
rs72648942	2	179596554	TT
rs72648940	2	179597242	CC
rs72648939	2	179597259	TT
rs190636272	2	179597590	TT
rs72648937	2	179597600	CC
rs148551876	2	179598160	GG
rs66839174	2	179598170	CC
rs372277017	2	179598224	GG
rs397517481	2	179599054	CC
rs143093473	2	179599611	TT
rs72648925	2	179600303	GG
rs184740744	2	179600408	CC
rs72648923	2	179600475	CC
rs2742347	2	179600648	CC
rs150032315	2	179601782	CC
rs147879266	2	179602841	CC
rs55857742	2	179604101	CC
rs1883085	2	179604160	TT
rs2562829	2	179604366	TT
rs727503658	2	179605555	II
rs34070843	2	179605725	TT
rs397517830	2	179605752	CC
rs55853696	2	179606241	GG
rs148164929	2	179606288	GG
rs2627037	2	179606538	GG
rs77520652	2	179608084	GG
rs66677602	2	179611711	CC
rs922984	2	179615887	CC
rs72955209	2	179620021	TT
rs7585334	2	179620951	TT
rs184205694	2	179621117	CC
rs78535378	2	179621272	CC
rs141027782	2	179621281	AA
rs79466278	2	179621349	TT
rs57389274	2	179621353	GG
rs6433728	2	179621477	TT
rs72955213	2	179621503	CC
rs2291310	2	179623758	TT
rs187703540	2	179623851	CC
rs34819099	2	179628918	CC
rs191708454	2	179629358	GG
rs2291311	2	179629461	TT
rs33997263	2	179631240	GG
rs139992576	2	179631299	TT
rs4894044	2	179632133	GG
rs4893853	2	179632496	TT
rs146572907	2	179632509	GG
rs72647894	2	179632598	CC
rs141258018	2	179632619	CC
rs11900987	2	179633486	TT
rs72647885	2	179633625	CC
rs56373393	2	179634520	CC
rs147174853	2	179634832	CC
rs2306636	2	179634936	CC
rs33917087	2	179634961	CC
rs79645147	2	179635145	CC
rs1905520	2	179636983	CC
rs146590898	2	179637951	AA
rs116049561	2	179638249	CC
rs148920986	2	179638314	CC
rs143616825	2	179638441	TT
rs794729370	2	179638672	II
rs75031300	2	179638834	CC
rs374615369	2	179639032	CC
rs143679901	2	179639156	GG
rs138787974	2	179639711	CC
rs397517698	2	179639757	II
rs56404770	2	179640238	AA
rs189149543	2	179640550	GG
rs180672509	2	179640551	TT
rs118161093	2	179640851	CC
rs141213991	2	179641112	CC
rs190509057	2	179641121	GG
rs150737838	2	179641336	CC
rs75686037	2	179641360	GG
rs587780490	2	179641544	GG
rs185789611	2	179641717	GG
rs73973147	2	179641951	GG
rs12476289	2	179641975	CC
rs139192633	2	179642019	CC
rs72647877	2	179642162	TT
rs111282958	2	179642448	GG
rs142317580	2	179642583	AA
rs72647876	2	179642589	CC
rs72647875	2	179642665	GG
rs72647873	2	179643566	AA
rs16866531	2	179643632	TT
rs36021856	2	179643775	CC
rs1552280	2	179644035	AA
rs78269740	2	179644788	GG
rs10497520	2	179644855	CC
rs72647870	2	179645962	CC
rs181375012	2	179645985	TT
rs368282893	2	179647024	CC
rs145940356	2	179647149	AA
rs142951505	2	179647533	CC
rs397517547	2	179647599	GG
rs35813871	2	179650408	GG
rs149061352	2	179650444	GG
rs116307796	2	179650675	GG
rs180694107	2	179654141	TT
rs397517497	2	179655434	CC
rs794729311	2	179655472	GG
rs146690035	2	179655526	GG
rs72957312	2	179657246	AA
rs72647851	2	179658175	CC
rs56128843	2	179659815	CC
rs16866538	2	179659912	GG
rs748313513	2	179664563	GG
rs72647843	2	179665163	CC
rs185921345	2	179666871	CC
rs35683768	2	179666982	CC
rs116836283	2	179667615	AA
rs12465459	2	179672711	CT
rs75977639	2	179675890	TT
rs10190488	2	179684398	TT
rs10497526	2	179684839	CT
rs75748886	2	179687500	CC
rs7561149	2	179689856	CT
rs12469367	2	179691670	CT
rs115317547	2	179693167	TT
rs2366913	2	179693775	CT
rs116375331	2	179695835	TT
rs116465960	2	179698771	CC
rs13419085	2	179702437	TT
rs6717039	2	179706230	CC
rs966449	2	179706787	CT
rs4894053	2	179710195	AA
rs78640478	2	179715360	TT
rs17362574	2	179717115	AA

# 477 rows in TTN region (hg19 chr2:179400000-179720000)
